Date,Close
2/12/2015 16:00,47.88
2/13/2015 16:00,48.39
2/17/2015 16:00,48.01
2/18/2015 16:00,49.31
2/19/2015 16:00,49.78
2/20/2015 16:00,51.02
2/23/2015 16:00,51.31
2/24/2015 16:00,51.52
2/25/2015 16:00,49.73
2/26/2015 16:00,49.35
2/27/2015 16:00,47.9
3/2/2015 16:00,48.31
3/3/2015 16:00,48.77
3/4/2015 16:00,48.95
3/5/2015 16:00,48.4
3/6/2015 16:00,48
3/9/2015 16:00,47.92
3/10/2015 16:00,46.74
3/11/2015 16:00,47.39
3/12/2015 16:00,48.68
3/13/2015 16:00,49.22
3/16/2015 16:00,50.22
3/17/2015 16:00,53.69
3/18/2015 16:00,54.13
3/19/2015 16:00,55.19
3/20/2015 16:00,55.76
3/23/2015 16:00,54.4
3/24/2015 16:00,53.93
3/25/2015 16:00,52.01
3/26/2015 16:00,51.27
3/27/2015 16:00,52.66
3/30/2015 16:00,53.64
3/31/2015 16:00,52.78
4/1/2015 16:00,50.44
4/2/2015 16:00,49.18
4/6/2015 16:00,48.08
4/7/2015 16:00,47.5
4/8/2015 16:00,48.74
4/9/2015 16:00,47.84
4/10/2015 16:00,47.73
4/13/2015 16:00,47.79
4/14/2015 16:00,47.42
4/15/2015 16:00,47.75
4/16/2015 16:00,48.24
4/17/2015 16:00,48.19
4/20/2015 16:00,49.76
4/21/2015 16:00,51.36
4/22/2015 16:00,51.4
4/23/2015 16:00,51.45
4/24/2015 16:00,52.71
4/27/2015 16:00,51.87
4/28/2015 16:00,51.19
4/29/2015 16:00,48.88
4/30/2015 16:00,48.29
5/1/2015 16:00,49.39
5/4/2015 16:00,48.95
5/5/2015 16:00,47.01
5/6/2015 16:00,47.05
5/7/2015 16:00,49.06
5/8/2015 16:00,49.04
5/11/2015 16:00,49.65
5/12/2015 16:00,48.85
5/13/2015 16:00,48.49
5/14/2015 16:00,48.82
5/15/2015 16:00,48.67
5/18/2015 16:00,49
5/19/2015 16:00,47.85
5/20/2015 16:00,43.06
5/21/2015 16:00,42.47
5/22/2015 16:00,42.61
5/26/2015 16:00,41.56
5/27/2015 16:00,42.24
5/28/2015 16:00,41.97
5/29/2015 16:00,42.37
6/1/2015 16:00,44.18
6/2/2015 16:00,43.78
6/3/2015 16:00,43.13
6/4/2015 16:00,42.17
6/5/2015 16:00,41.72
6/8/2015 16:00,39.86
6/9/2015 16:00,40.33
6/10/2015 16:00,40.43
6/11/2015 16:00,40.02
6/12/2015 16:00,40.71
6/15/2015 16:00,40.07
6/16/2015 16:00,39.48
6/17/2015 16:00,39.88
6/18/2015 16:00,39.98
6/19/2015 16:00,41.56
6/22/2015 16:00,43.03
6/23/2015 16:00,42.73
6/24/2015 16:00,42.24
6/25/2015 16:00,42.24
6/26/2015 16:00,41.44
6/29/2015 16:00,39.75
6/30/2015 16:00,39.94
7/1/2015 16:00,38.8
7/2/2015 16:00,39.03
7/6/2015 16:00,39.73
7/7/2015 16:00,40.67
7/8/2015 16:00,39.31
7/9/2015 16:00,39.67
7/10/2015 16:00,41.21
7/13/2015 16:00,42.42
7/14/2015 16:00,42.06
7/15/2015 16:00,41.54
7/16/2015 16:00,41.39
7/17/2015 16:00,41.4
7/20/2015 16:00,40.55
7/21/2015 16:00,40.9
7/22/2015 16:00,41.43
7/23/2015 16:00,42.61
7/24/2015 16:00,39.63
7/27/2015 16:00,40.14
7/28/2015 16:00,41.17
7/29/2015 16:00,40.73
7/30/2015 16:00,40.27
7/31/2015 16:00,40.1
8/3/2015 16:00,41.71
8/4/2015 16:00,42.74
8/5/2015 16:00,42.96
8/6/2015 16:00,42.18
8/7/2015 16:00,41.49
8/10/2015 16:00,41.68
8/11/2015 16:00,42.7
8/12/2015 16:00,42.52
8/13/2015 16:00,42.67
8/14/2015 16:00,42.88
8/17/2015 16:00,43.95
8/18/2015 16:00,43.63
8/19/2015 16:00,43.53
8/20/2015 16:00,41.98
8/21/2015 16:00,39.75
8/24/2015 16:00,37.62
8/25/2015 16:00,37.5
8/26/2015 16:00,38.85
8/27/2015 16:00,39.03
8/28/2015 16:00,38.62
8/31/2015 16:00,38.98
9/1/2015 16:00,39.2
9/2/2015 16:00,41.51
9/3/2015 16:00,40.89
9/4/2015 16:00,40.6
9/8/2015 16:00,40.8
9/9/2015 16:00,41
9/10/2015 16:00,41.21
9/11/2015 16:00,42.15
9/14/2015 16:00,42.29
9/15/2015 16:00,42.64
9/16/2015 16:00,43.06
9/17/2015 16:00,43.99
9/18/2015 16:00,43.49
9/21/2015 16:00,43.23
9/22/2015 16:00,41.19
9/23/2015 16:00,41.24
9/24/2015 16:00,40.25
9/25/2015 16:00,40.24
9/28/2015 16:00,39.08
9/29/2015 16:00,39.18
9/30/2015 16:00,38.83
10/1/2015 16:00,39.2
10/2/2015 16:00,38.63
10/5/2015 16:00,40.19
10/6/2015 16:00,38.13
10/7/2015 16:00,39.31
10/8/2015 16:00,39.74
10/9/2015 16:00,42.42
10/12/2015 16:00,43.84
10/13/2015 16:00,43.41
10/14/2015 16:00,43.8
10/15/2015 16:00,44.46
10/16/2015 16:00,43.71
10/19/2015 16:00,44.45
10/20/2015 16:00,44.79
10/21/2015 16:00,44.31
10/22/2015 16:00,45.99
10/23/2015 16:00,45.67
10/26/2015 16:00,46.47
10/27/2015 16:00,46.46
10/28/2015 16:00,45.86
10/29/2015 16:00,45.86
10/30/2015 16:00,46.22
11/2/2015 16:00,46.47
11/3/2015 16:00,46.5
11/4/2015 16:00,45.63
11/5/2015 16:00,45.6
11/6/2015 16:00,45.34
11/9/2015 16:00,44.65
11/10/2015 16:00,44.49
11/11/2015 16:00,44.39
11/12/2015 16:00,43.9
11/13/2015 16:00,43.45
11/16/2015 16:00,42.83
11/17/2015 16:00,42.3
11/18/2015 16:00,41.75
11/19/2015 16:00,42.3
11/20/2015 16:00,42.2
11/23/2015 16:00,42.3
11/24/2015 16:00,41.23
11/25/2015 16:00,41.31
11/27/2015 16:00,41.69
11/30/2015 16:00,41.26
12/1/2015 16:00,43.26
12/2/2015 16:00,43.82
12/3/2015 16:00,43.27
12/4/2015 16:00,44.97
12/7/2015 16:00,45.78
12/8/2015 16:00,44.55
12/9/2015 16:00,43.65
12/10/2015 16:00,44.09
12/11/2015 16:00,42.09
12/14/2015 16:00,41.77
12/15/2015 16:00,42.6
12/16/2015 16:00,43.2
12/17/2015 16:00,42.46
12/18/2015 16:00,41.09
12/21/2015 16:00,42.4
12/22/2015 16:00,42.9
12/23/2015 16:00,43.29
12/24/2015 16:00,43.81
12/28/2015 16:00,43.23
12/29/2015 16:00,43.5
12/30/2015 16:00,42.8
12/31/2015 16:00,42.35
1/4/2016 16:00,40.91
1/5/2016 16:00,40.52
1/6/2016 16:00,41.23
1/7/2016 16:00,40.45
1/8/2016 16:00,40.37
1/11/2016 16:00,41.08
1/12/2016 16:00,42
1/13/2016 16:00,40.1
1/14/2016 16:00,40.55
1/15/2016 16:00,38.76
1/19/2016 16:00,38.86
1/20/2016 16:00,39.06
1/21/2016 16:00,39.79
1/22/2016 16:00,40.16
1/25/2016 16:00,38.88
1/26/2016 16:00,39.64
1/27/2016 16:00,39.69
1/28/2016 16:00,38.14
1/29/2016 16:00,38.99
2/1/2016 16:00,39.38
2/2/2016 16:00,37.03
2/3/2016 16:00,37.51
2/4/2016 16:00,38.21
2/5/2016 16:00,36.75
2/8/2016 16:00,35.55
2/9/2016 16:00,36.19
2/10/2016 16:00,37.12
2/11/2016 16:00,36.49
2/12/2016 16:00,37.82
2/16/2016 16:00,38.61
2/17/2016 16:00,39.34
2/18/2016 16:00,39.54
2/19/2016 16:00,39.76
2/22/2016 16:00,40.84
2/23/2016 16:00,40.38
2/24/2016 16:00,40.66
2/25/2016 16:00,41.36
2/26/2016 16:00,40.87
2/29/2016 16:00,41
3/1/2016 16:00,41.83
3/2/2016 16:00,41.59
3/3/2016 16:00,41.88
3/4/2016 16:00,41.63
3/7/2016 16:00,42.13
3/8/2016 16:00,40.77
3/9/2016 16:00,41.65
3/10/2016 16:00,41.63
3/11/2016 16:00,42.47
3/14/2016 16:00,42.59
3/15/2016 16:00,42.11
3/16/2016 16:00,42.31
3/17/2016 16:00,42.1
3/18/2016 16:00,43.44
3/21/2016 16:00,43.47
3/22/2016 16:00,42.76
3/23/2016 16:00,41.92
3/24/2016 16:00,40.5
3/28/2016 16:00,40.91
3/29/2016 16:00,41.35
3/30/2016 16:00,41.38
3/31/2016 16:00,41.01
4/1/2016 16:00,39.52
4/4/2016 16:00,39.37
4/5/2016 16:00,38.93
4/6/2016 16:00,38.9
4/7/2016 16:00,38.36
4/8/2016 16:00,38.5
4/11/2016 16:00,38.73
4/12/2016 16:00,39.19
4/13/2016 16:00,39.94
4/14/2016 16:00,41.17
4/15/2016 16:00,40.91
4/18/2016 16:00,40.92
4/19/2016 16:00,41.34
4/20/2016 16:00,41.26
4/21/2016 16:00,40.01
4/22/2016 16:00,38.21
4/25/2016 16:00,37
4/26/2016 16:00,36.92
4/27/2016 16:00,36.71
4/28/2016 16:00,35.97
4/29/2016 16:00,34.69
5/2/2016 16:00,34.43
5/3/2016 16:00,34.58
5/4/2016 16:00,33.21
5/5/2016 16:00,32.81
5/6/2016 16:00,33.03
5/9/2016 16:00,32.94
5/10/2016 16:00,33.77
5/11/2016 16:00,32.86
5/12/2016 16:00,31.33
5/13/2016 16:00,31.51
5/16/2016 16:00,32.12
5/17/2016 16:00,32.64
5/18/2016 16:00,32.61
5/19/2016 16:00,32.15
5/20/2016 16:00,32.01
5/23/2016 16:00,31.73
5/24/2016 16:00,32.15
5/25/2016 16:00,32.17
5/26/2016 16:00,31.51
5/27/2016 16:00,31.65
5/31/2016 16:00,31.91
6/1/2016 16:00,31.95
6/2/2016 16:00,31.67
6/3/2016 16:00,30.81
6/6/2016 16:00,31.26
6/7/2016 16:00,32.36
6/8/2016 16:00,32.51
6/9/2016 16:00,33.4
6/10/2016 16:00,33.14
6/13/2016 16:00,31.8
6/14/2016 16:00,30.36
6/15/2016 16:00,30.49
6/16/2016 16:00,29.14
6/17/2016 16:00,29.34
6/20/2016 16:00,29.71
6/21/2016 16:00,30.02
6/22/2016 16:00,29.89
6/23/2016 16:00,30.33
6/24/2016 16:00,27.05
6/27/2016 16:00,25.27
6/28/2016 16:00,26.77
6/29/2016 16:00,27.7
6/30/2016 16:00,28.31
7/1/2016 16:00,29.33
7/5/2016 16:00,28.93
7/6/2016 16:00,28.35
7/7/2016 16:00,29.4
7/8/2016 16:00,30.04
7/11/2016 16:00,31.16
7/12/2016 16:00,34.66
7/13/2016 16:00,34.45
7/14/2016 16:00,35.88
7/15/2016 16:00,35.89
7/18/2016 16:00,36.03
7/19/2016 16:00,36.01
7/20/2016 16:00,35.92
7/21/2016 16:00,34.96
7/22/2016 16:00,36.36
7/25/2016 16:00,35.8
7/26/2016 16:00,36.55
7/27/2016 16:00,36.2
7/28/2016 16:00,36.34
7/29/2016 16:00,35.5
8/1/2016 16:00,35.6
8/2/2016 16:00,33.51
8/3/2016 16:00,33.48
8/4/2016 16:00,33.58
8/5/2016 16:00,34.44
8/8/2016 16:00,34.35
8/9/2016 16:00,34.59
8/10/2016 16:00,34.18
8/11/2016 16:00,34.96
8/12/2016 16:00,34.92
8/15/2016 16:00,35.87
8/16/2016 16:00,36.75
8/17/2016 16:00,36.6
8/18/2016 16:00,36.67
8/19/2016 16:00,36.49
8/22/2016 16:00,36
8/23/2016 16:00,36.4
8/24/2016 16:00,36.65
8/25/2016 16:00,36.72
8/26/2016 16:00,36.23
8/29/2016 16:00,36.17
8/30/2016 16:00,37.05
8/31/2016 16:00,36.3
9/1/2016 16:00,36.24
9/2/2016 16:00,36.53
9/6/2016 16:00,36.96
9/7/2016 16:00,38.75
9/8/2016 16:00,39.35
9/9/2016 16:00,38.49
9/12/2016 16:00,38.34
9/13/2016 16:00,37.37
9/14/2016 16:00,36.39
9/15/2016 16:00,36.41
9/16/2016 16:00,35.49
9/19/2016 16:00,35.44
9/20/2016 16:00,35.15
9/21/2016 16:00,34.67
9/22/2016 16:00,35.25
9/23/2016 16:00,35.55
9/26/2016 16:00,34.93
9/27/2016 16:00,36
9/28/2016 16:00,35.84
9/29/2016 16:00,35.82
9/30/2016 16:00,36.61
10/3/2016 16:00,37.7
10/4/2016 16:00,37.63
10/5/2016 16:00,37.87
10/6/2016 16:00,38.17
10/7/2016 16:00,37.73
10/10/2016 16:00,38.89
10/11/2016 16:00,38.2
10/12/2016 16:00,37.38
10/13/2016 16:00,39.24
10/14/2016 16:00,38.65
10/17/2016 16:00,38.58
10/18/2016 16:00,39.35
10/19/2016 16:00,40.63
10/20/2016 16:00,40.59
10/21/2016 16:00,39.9
10/24/2016 16:00,39.83
10/25/2016 16:00,39.69
10/26/2016 16:00,39.32
10/27/2016 16:00,39.91
10/28/2016 16:00,40.06
10/31/2016 16:00,40.6
11/1/2016 16:00,39.8
11/2/2016 16:00,39.71
11/3/2016 16:00,39.38
11/4/2016 16:00,39.74
11/7/2016 16:00,41.49
11/8/2016 16:00,41.7
11/9/2016 16:00,42.41
11/10/2016 16:00,42.3
11/11/2016 16:00,42.93
11/14/2016 16:00,43.4
11/15/2016 16:00,44.76
11/16/2016 16:00,44.45
11/17/2016 16:00,45.83
11/18/2016 16:00,46.26
11/21/2016 16:00,46.08
11/22/2016 16:00,46.08
11/23/2016 16:00,46.34
11/25/2016 16:00,46.82
11/28/2016 16:00,46.5
11/29/2016 16:00,46.89
11/30/2016 16:00,46.44
12/1/2016 16:00,45.75
12/2/2016 16:00,46.1
12/5/2016 16:00,45.72
12/6/2016 16:00,46.43
12/7/2016 16:00,48.65
12/8/2016 16:00,48.05
12/9/2016 16:00,49.64
12/12/2016 16:00,47.59
12/13/2016 16:00,47.84
12/14/2016 16:00,47.92
12/15/2016 16:00,48.3
12/16/2016 16:00,47.63
12/19/2016 16:00,48.58
12/20/2016 16:00,49.22
12/21/2016 16:00,49.47
12/22/2016 16:00,48.69
12/23/2016 16:00,48.48
12/27/2016 16:00,48.61
12/28/2016 16:00,47.67
12/29/2016 16:00,47.25
12/30/2016 16:00,46.69
1/3/2017 16:00,46.3
1/4/2017 16:00,46.7
1/5/2017 16:00,45.89
1/6/2017 16:00,46.21
1/9/2017 16:00,47.08
1/10/2017 16:00,48.48
1/11/2017 16:00,48.64
1/12/2017 16:00,48.1
1/13/2017 16:00,47.65
1/17/2017 16:00,46.75
1/18/2017 16:00,47.64
1/19/2017 16:00,47.26
1/20/2017 16:00,48
1/23/2017 16:00,46.94
1/24/2017 16:00,47.54
1/25/2017 16:00,47.91
1/26/2017 16:00,49.59
1/27/2017 16:00,46.95
1/30/2017 16:00,44.9
1/31/2017 16:00,44.25
2/1/2017 16:00,44.05
2/2/2017 16:00,44.01
2/3/2017 16:00,44.2
2/6/2017 16:00,45.3
2/7/2017 16:00,45.17
2/8/2017 16:00,45.06
2/9/2017 16:00,46.3
2/10/2017 16:00,46.45
2/13/2017 16:00,47.41
2/14/2017 16:00,46.57
2/15/2017 16:00,47.54
2/16/2017 16:00,46.97
2/17/2017 16:00,46.91
2/21/2017 16:00,46.81
2/22/2017 16:00,46.32
2/23/2017 16:00,46.1
2/24/2017 16:00,46.28
2/27/2017 16:00,46.32
2/28/2017 16:00,46.36
3/1/2017 16:00,47.09
3/2/2017 16:00,45.72
3/3/2017 16:00,46.82
3/6/2017 16:00,45.31
3/7/2017 16:00,44.84
3/8/2017 16:00,44.89
3/9/2017 16:00,43.33
3/10/2017 16:00,43.9
3/13/2017 16:00,42.37
3/14/2017 16:00,41.21
3/15/2017 16:00,42.09
3/16/2017 16:00,42.13
3/17/2017 16:00,41.72
3/20/2017 16:00,41.7
3/21/2017 16:00,40.42
3/22/2017 16:00,40.35
3/23/2017 16:00,41.41
3/24/2017 16:00,41.73
3/27/2017 16:00,41.74
3/28/2017 16:00,42.6
3/29/2017 16:00,41.96
3/30/2017 16:00,42.54
3/31/2017 16:00,42.3
4/3/2017 16:00,42.45
4/4/2017 16:00,40.9
4/5/2017 16:00,41.31
4/6/2017 16:00,41.72
4/7/2017 16:00,41.81
4/10/2017 16:00,42.32
4/11/2017 16:00,43.93
4/12/2017 16:00,43.96
4/13/2017 16:00,43.35
4/17/2017 16:00,44.23
4/18/2017 16:00,43.81
4/19/2017 16:00,44.4
4/20/2017 16:00,45.22
4/21/2017 16:00,45.15
4/24/2017 16:00,46.44
4/25/2017 16:00,46.61
4/26/2017 16:00,46.4
4/27/2017 16:00,43.98
4/28/2017 16:00,42.62
5/1/2017 16:00,42.08
5/2/2017 16:00,43.87
5/3/2017 16:00,43.92
5/4/2017 16:00,43.91
5/5/2017 16:00,44.51
5/8/2017 16:00,44.94
5/9/2017 16:00,47.08
5/10/2017 16:00,47.3
5/11/2017 16:00,46.54
5/12/2017 16:00,45.83
5/15/2017 16:00,46.68
5/16/2017 16:00,46.94
5/17/2017 16:00,44.92
5/18/2017 16:00,44.65
5/19/2017 16:00,45.22
5/22/2017 16:00,46.21
5/23/2017 16:00,46.66
5/24/2017 16:00,46.77
5/25/2017 16:00,48.02
5/26/2017 16:00,48.74
5/30/2017 16:00,47.96
5/31/2017 16:00,48.41
6/1/2017 16:00,49.05
6/2/2017 16:00,49.52
6/5/2017 16:00,49.74
6/6/2017 16:00,49.74
6/7/2017 16:00,50.86
6/8/2017 16:00,51.43
6/9/2017 16:00,50.27
6/12/2017 16:00,49.48
6/13/2017 16:00,49.45
6/14/2017 16:00,49.39
6/15/2017 16:00,49.11
6/16/2017 16:00,48.79
6/19/2017 16:00,49.66
6/20/2017 16:00,48.03
6/21/2017 16:00,48.43
6/22/2017 16:00,48.97
6/23/2017 16:00,48.63
6/26/2017 16:00,48.78
6/27/2017 16:00,48.5
6/28/2017 16:00,49.25
6/29/2017 16:00,49.62
6/30/2017 16:00,50.32
7/3/2017 16:00,50.39
7/5/2017 16:00,51.26
7/6/2017 16:00,52.05
7/7/2017 16:00,53.03
7/10/2017 16:00,52.66
7/11/2017 16:00,51.61
7/12/2017 16:00,53.8
7/13/2017 16:00,53.81
7/14/2017 16:00,54.22
7/17/2017 16:00,53.87
7/18/2017 16:00,53.15
7/19/2017 16:00,52.61
7/20/2017 16:00,52.34
7/21/2017 16:00,51.91
7/24/2017 16:00,51.28
7/25/2017 16:00,50.61
7/26/2017 16:00,51.01
7/27/2017 16:00,50
7/28/2017 16:00,50.49
7/31/2017 16:00,50.44
8/1/2017 16:00,51.06
8/2/2017 16:00,50.45
8/3/2017 16:00,50.55
8/4/2017 16:00,50.8
8/7/2017 16:00,50.58
8/8/2017 16:00,50
8/9/2017 16:00,49.4
8/10/2017 16:00,48.55
8/11/2017 16:00,48.35
8/14/2017 16:00,48.81
8/15/2017 16:00,48.52
8/16/2017 16:00,48.41
8/17/2017 16:00,46.03
8/18/2017 16:00,45.55
8/21/2017 16:00,45.71
8/22/2017 16:00,45.41
8/23/2017 16:00,43.97
8/24/2017 16:00,42.92
8/25/2017 16:00,45.25
8/28/2017 16:00,44.95
8/29/2017 16:00,44.56
8/30/2017 16:00,44.32
8/31/2017 16:00,44.74
9/1/2017 16:00,45.31
9/5/2017 16:00,43.92
9/6/2017 16:00,44.31
9/7/2017 16:00,43.84
9/8/2017 16:00,43.6
9/11/2017 16:00,45.86
9/12/2017 16:00,46.29
9/13/2017 16:00,47
9/14/2017 16:00,46.19
9/15/2017 16:00,46
9/18/2017 16:00,45.31
9/19/2017 16:00,44.38
9/20/2017 16:00,45.42
9/21/2017 16:00,46.29
9/22/2017 16:00,47.06
9/25/2017 16:00,47.7
9/26/2017 16:00,47.58
9/27/2017 16:00,46.85
9/28/2017 16:00,47.49
9/29/2017 16:00,47.49
10/2/2017 16:00,47.73
10/3/2017 16:00,50.51
10/4/2017 16:00,50.73
10/5/2017 16:00,50.56
10/6/2017 16:00,51.3
10/9/2017 16:00,50.6
10/10/2017 16:00,53.03
10/11/2017 16:00,52.83
10/12/2017 16:00,52.65
10/13/2017 16:00,52.7
10/16/2017 16:00,52.27
10/17/2017 16:00,52.07
10/18/2017 16:00,52.03
10/19/2017 16:00,51.51
10/20/2017 16:00,51.93
10/23/2017 16:00,50.98
10/24/2017 16:00,51.95
10/25/2017 16:00,51.02
10/26/2017 16:00,48.61
10/27/2017 16:00,47.56
10/30/2017 16:00,47.25
10/31/2017 16:00,46.82
11/1/2017 16:00,47.84
11/2/2017 16:00,47.36
11/3/2017 16:00,47.45
11/6/2017 16:00,47.51
11/7/2017 16:00,46.46
11/8/2017 16:00,46.37
11/9/2017 16:00,45.77
11/10/2017 16:00,45.82
11/13/2017 16:00,45.74
11/14/2017 16:00,45.81
11/15/2017 16:00,47.19
11/16/2017 16:00,47.68
11/17/2017 16:00,47.39
11/20/2017 16:00,47.69
11/21/2017 16:00,48.65
11/22/2017 16:00,48.66
11/24/2017 13:00,48.56
11/27/2017 16:00,48.42
11/28/2017 16:00,49.22
11/29/2017 16:00,49.25
11/30/2017 16:00,50.49
12/1/2017 16:00,49
12/4/2017 16:00,49.93
12/5/2017 16:00,49.47
12/6/2017 16:00,49.61
12/7/2017 16:00,50.88
12/8/2017 16:00,51.02
12/11/2017 16:00,51.3
12/12/2017 16:00,50.47
12/13/2017 16:00,50.09
12/14/2017 16:00,50.21
12/15/2017 16:00,51.06
12/18/2017 16:00,51.49
12/19/2017 16:00,51.44
12/20/2017 16:00,51.92
12/21/2017 16:00,52.79
12/22/2017 16:00,52.59
12/26/2017 16:00,52.85
12/27/2017 16:00,52.4
12/28/2017 16:00,52.46
12/29/2017 16:00,52.03
1/2/2018 16:00,52.99
1/3/2018 16:00,52.34
1/4/2018 16:00,52.67
1/5/2018 16:00,52.65
1/8/2018 16:00,52.13
1/9/2018 16:00,52.08
1/10/2018 16:00,53.78
1/11/2018 16:00,56.42
1/12/2018 16:00,58.47
1/16/2018 16:00,57.98
1/17/2018 16:00,58.16
1/18/2018 16:00,58.34
1/19/2018 16:00,58.06
1/22/2018 16:00,58.1
1/23/2018 16:00,58.29
1/24/2018 16:00,54.79
1/25/2018 16:00,53.05
1/26/2018 16:00,53.07
1/29/2018 16:00,52.68
1/30/2018 16:00,52.59
1/31/2018 16:00,54.32
2/1/2018 16:00,53.88
2/2/2018 16:00,52.1
2/5/2018 16:00,49.76
2/6/2018 16:00,51.18
2/7/2018 16:00,51.4
2/8/2018 16:00,48.6
2/9/2018 16:00,48.36
2/12/2018 16:00,50.09
2/13/2018 16:00,50.87
2/14/2018 16:00,51.07
2/15/2018 16:00,51.67
2/16/2018 16:00,51.58
2/20/2018 16:00,51.72
2/21/2018 16:00,52.78
2/22/2018 16:00,52.98
2/23/2018 16:00,53.39
2/26/2018 16:00,55
2/27/2018 16:00,54.26
2/28/2018 16:00,54.25
3/1/2018 16:00,53.48
3/2/2018 16:00,53.18
3/5/2018 16:00,53.19
3/6/2018 16:00,53.57
3/7/2018 16:00,54.11
3/8/2018 16:00,54.79
3/9/2018 16:00,56.07
3/12/2018 16:00,56.5
3/13/2018 16:00,56.23
3/14/2018 16:00,55.28
3/15/2018 16:00,55.17
3/16/2018 16:00,55.4
3/19/2018 16:00,54.62
3/20/2018 16:00,55.32
3/21/2018 16:00,54.09
3/22/2018 16:00,52.31
3/23/2018 16:00,51.01
3/26/2018 16:00,51.86
3/27/2018 16:00,50.9
3/28/2018 16:00,50.85
3/29/2018 16:00,51.96
4/2/2018 16:00,49.78
4/3/2018 16:00,51.47
4/4/2018 16:00,52.04
4/5/2018 16:00,52.14
4/6/2018 16:00,50.29
4/9/2018 16:00,49.82
4/10/2018 16:00,47.46
4/11/2018 16:00,45.4
4/12/2018 16:00,46.57
4/13/2018 16:00,45.87
4/16/2018 16:00,46.4
4/17/2018 16:00,45.75
4/18/2018 16:00,47.76
4/19/2018 16:00,46.88
4/20/2018 16:00,46.78
4/23/2018 16:00,46.68
4/24/2018 16:00,45.69
4/25/2018 16:00,45.25
4/26/2018 16:00,42.37
4/27/2018 16:00,43.4
4/30/2018 16:00,42.93
5/1/2018 16:00,43.36
5/2/2018 16:00,42.24
5/3/2018 16:00,42.11
5/4/2018 16:00,42.86
5/7/2018 16:00,42.44
5/8/2018 16:00,43
5/9/2018 16:00,41.5
5/10/2018 16:00,42.04
5/11/2018 16:00,42.6
5/14/2018 16:00,42.46
5/15/2018 16:00,43.19
5/16/2018 16:00,44.06
5/17/2018 16:00,43.63
5/18/2018 16:00,43.38
5/21/2018 16:00,44.28
5/22/2018 16:00,42.88
5/23/2018 16:00,42.8
5/24/2018 16:00,43.56
5/25/2018 16:00,44.91
5/29/2018 16:00,43.59
5/30/2018 16:00,43.3
5/31/2018 16:00,43.54
6/1/2018 16:00,44
6/4/2018 16:00,44.86
6/5/2018 16:00,44.18
6/6/2018 16:00,44.19
6/7/2018 16:00,43.84
6/8/2018 16:00,43.11
6/11/2018 16:00,44.16
6/12/2018 16:00,43.41
6/13/2018 16:00,42.92
6/14/2018 16:00,43.08
6/15/2018 16:00,42.77
6/18/2018 16:00,42.44
6/19/2018 16:00,41.51
6/20/2018 16:00,42.03
6/21/2018 16:00,41.49
6/22/2018 16:00,41.35
6/25/2018 16:00,39.68
6/26/2018 16:00,39.09
6/27/2018 16:00,38.26
6/28/2018 16:00,38.2
6/29/2018 16:00,37.96
7/2/2018 16:00,38.36
7/3/2018 13:00,37.75
7/5/2018 16:00,37.99
7/6/2018 16:00,38.09
7/9/2018 16:00,39.31
7/10/2018 16:00,39.12
7/11/2018 16:00,35.96
7/12/2018 16:00,36.33
7/13/2018 16:00,37.12
7/16/2018 16:00,37.28
7/17/2018 16:00,37.38
7/18/2018 16:00,38.37
7/19/2018 16:00,38.13
7/20/2018 16:00,37.88
7/23/2018 16:00,38.04
7/24/2018 16:00,37.45
7/25/2018 16:00,38.19
7/26/2018 16:00,40.02
7/27/2018 16:00,39.69
7/30/2018 16:00,38.97
7/31/2018 16:00,39.54
8/1/2018 16:00,38.14
8/2/2018 16:00,37.93
8/3/2018 16:00,38.42
8/6/2018 16:00,38.41
8/7/2018 16:00,38.26
8/8/2018 16:00,38.38
8/9/2018 16:00,37.92
8/10/2018 16:00,37.26
8/13/2018 16:00,36.79
8/14/2018 16:00,37.09
8/15/2018 16:00,37.44
8/16/2018 16:00,38.16
8/17/2018 16:00,37.79
8/20/2018 16:00,39.99
8/21/2018 16:00,40.33
8/22/2018 16:00,39.19
8/23/2018 16:00,38.83
8/24/2018 16:00,38.82
8/27/2018 16:00,39.52
8/28/2018 16:00,40.69
8/29/2018 16:00,40.5
8/30/2018 16:00,40.4
8/31/2018 16:00,40.48
9/4/2018 16:00,40.77
9/5/2018 16:00,39.67
9/6/2018 16:00,38.48
9/7/2018 16:00,38.43
9/10/2018 16:00,39.43
9/11/2018 16:00,40.18
9/12/2018 16:00,39.26
9/13/2018 16:00,39.48
9/14/2018 16:00,39.74
9/17/2018 16:00,40.32
9/18/2018 16:00,40.79
9/19/2018 16:00,41.6
9/20/2018 16:00,41.89
9/21/2018 16:00,43.6
9/24/2018 16:00,41.98
9/25/2018 16:00,40.81
9/26/2018 16:00,41.04
9/27/2018 16:00,41.5
9/28/2018 16:00,41.33
10/1/2018 16:00,39.61
10/2/2018 16:00,38.5
10/3/2018 16:00,38.8
10/4/2018 16:00,37.92
10/5/2018 16:00,36.44
10/8/2018 16:00,35.9
10/9/2018 16:00,33.55
10/10/2018 16:00,31.61
10/11/2018 16:00,31.27
10/12/2018 16:00,30.91
10/15/2018 16:00,31.78
10/16/2018 16:00,33.28
10/17/2018 16:00,33.57
10/18/2018 16:00,32.06
10/19/2018 16:00,32.04
10/22/2018 16:00,32.16
10/23/2018 16:00,32.38
10/24/2018 16:00,30.34
10/25/2018 16:00,32.37
10/26/2018 16:00,32.46
10/29/2018 16:00,32.6
10/30/2018 16:00,34.66
10/31/2018 16:00,35.08
11/1/2018 16:00,36.37
11/2/2018 16:00,36.33
11/5/2018 16:00,35.72
11/6/2018 16:00,35.17
11/7/2018 16:00,36.97
11/8/2018 16:00,36.86
11/9/2018 16:00,36.22
11/12/2018 16:00,36.86
11/13/2018 16:00,37.78
11/14/2018 16:00,38.11
11/15/2018 16:00,37.82
11/16/2018 16:00,36.75
11/19/2018 16:00,35.82
11/20/2018 16:00,35.59
11/21/2018 16:00,36.31
11/23/2018 13:00,37.95
11/26/2018 16:00,38.1
11/27/2018 16:00,38.29
11/28/2018 16:00,38.94
11/29/2018 16:00,38.42
11/30/2018 16:00,40.16
12/3/2018 16:00,39.65
12/4/2018 16:00,36.69
12/6/2018 16:00,36.94
12/7/2018 16:00,33.57
12/10/2018 16:00,33.84
12/11/2018 16:00,34.1
12/12/2018 16:00,34.35
12/13/2018 16:00,32.46
12/14/2018 16:00,32.41
12/17/2018 16:00,32.04
12/18/2018 16:00,33.54
12/19/2018 16:00,32.42
12/20/2018 16:00,31.89
12/21/2018 16:00,30.78
12/24/2018 13:00,29.72
12/26/2018 16:00,32.29
12/27/2018 16:00,32.04
12/28/2018 16:00,31.83
12/31/2018 16:00,32.11
1/2/2019 16:00,32.48
1/3/2019 16:00,30.06
1/4/2019 16:00,32.04
1/7/2019 16:00,32.95
1/8/2019 16:00,32.42
1/9/2019 16:00,33.42
1/10/2019 16:00,32.04
1/11/2019 16:00,31.8
1/14/2019 16:00,31.71
1/15/2019 16:00,32.1
1/16/2019 16:00,32.84
1/17/2019 16:00,33.58
1/18/2019 16:00,33.97
1/22/2019 16:00,32.74
1/23/2019 16:00,31.65
1/24/2019 16:00,33.66
1/25/2019 16:00,34.98
1/28/2019 16:00,36.57
1/29/2019 16:00,36.29
1/30/2019 16:00,36.34
1/31/2019 16:00,35.77
2/1/2019 16:00,36.11
2/4/2019 16:00,36.78
2/5/2019 16:00,36.93
2/6/2019 16:00,36.76
2/7/2019 16:00,36.17
2/8/2019 16:00,36
2/11/2019 16:00,36.59
2/12/2019 16:00,35.75
2/13/2019 16:00,36.21
2/14/2019 16:00,36.11
2/15/2019 16:00,35.05
2/19/2019 16:00,35.47
2/20/2019 16:00,35.06
2/21/2019 16:00,34.98
2/22/2019 16:00,35.49
2/25/2019 16:00,35.9
2/26/2019 16:00,36.25
2/27/2019 16:00,35.69
2/28/2019 16:00,35.63
3/1/2019 16:00,34.64
3/4/2019 16:00,33.72
3/5/2019 16:00,33.23
3/6/2019 16:00,32.76
3/7/2019 16:00,32.22
3/8/2019 16:00,31.91
3/11/2019 16:00,32.05
3/12/2019 16:00,30.92
3/13/2019 16:00,31.84
3/14/2019 16:00,32.13
3/15/2019 16:00,31.43
3/18/2019 16:00,31.38
3/19/2019 16:00,31.59
3/20/2019 16:00,30.96
3/21/2019 16:00,31.45
3/22/2019 16:00,30.57
3/25/2019 16:00,30.21
3/26/2019 16:00,30.21
3/27/2019 16:00,30.94
3/28/2019 16:00,30.9
3/29/2019 16:00,31.76
4/1/2019 16:00,32.35
4/2/2019 16:00,32.99
4/3/2019 16:00,33.71
4/4/2019 16:00,33.93
4/5/2019 16:00,34.06
4/8/2019 16:00,33.88
4/9/2019 16:00,33.31
4/10/2019 16:00,34.02
4/11/2019 16:00,34.81
4/12/2019 16:00,34.69
4/15/2019 16:00,33.75
4/16/2019 16:00,34.03
4/17/2019 16:00,34.38
4/18/2019 16:00,34.37
4/22/2019 16:00,33.48
4/23/2019 16:00,33.97
4/24/2019 16:00,33.99
4/25/2019 16:00,33.41
4/26/2019 16:00,33.06
4/29/2019 16:00,33.77
4/30/2019 16:00,34.18
5/1/2019 16:00,33.91
5/2/2019 16:00,33.95
5/3/2019 16:00,34.79
5/6/2019 16:00,34.75
5/7/2019 16:00,33.91
5/8/2019 16:00,33.75
5/9/2019 16:00,33.95
5/10/2019 16:00,33.99
5/13/2019 16:00,32.14
5/14/2019 16:00,32.34
5/15/2019 16:00,32.16
5/16/2019 16:00,32.32
5/17/2019 16:00,31.74
5/20/2019 16:00,30.96
5/21/2019 16:00,31.3
5/22/2019 16:00,29.92
5/23/2019 16:00,29.5
5/24/2019 16:00,29.17
5/28/2019 16:00,28.73
5/29/2019 16:00,28.41
5/30/2019 16:00,28.17
5/31/2019 16:00,27.23
6/3/2019 16:00,27.2
6/4/2019 16:00,29.12
6/5/2019 16:00,30.36
6/6/2019 16:00,30.38
6/7/2019 16:00,30.92
6/10/2019 16:00,30.76
6/11/2019 16:00,30.58
6/12/2019 16:00,31.1
6/13/2019 16:00,33.09
6/14/2019 16:00,32.68
6/17/2019 16:00,32.56
6/18/2019 16:00,32.52
6/19/2019 16:00,33.21
6/20/2019 16:00,32.15
6/21/2019 16:00,31.57
6/24/2019 16:00,31.82
6/25/2019 16:00,31.26
6/26/2019 16:00,31.46
6/27/2019 16:00,32.15
6/28/2019 16:00,32.61
7/1/2019 16:00,32.88
7/2/2019 16:00,32.19
7/3/2019 13:00,32.72
7/5/2019 16:00,32.46
7/8/2019 16:00,32.79
7/9/2019 16:00,32.36
7/10/2019 16:00,32.94
7/11/2019 16:00,33.03
7/12/2019 16:00,33.78
7/15/2019 16:00,33.61
7/16/2019 16:00,34.22
7/17/2019 16:00,33.26
7/18/2019 16:00,33.74
7/19/2019 16:00,33.08
7/22/2019 16:00,32.9
7/23/2019 16:00,33.73
7/24/2019 16:00,34.59
7/25/2019 16:00,31.67
7/26/2019 16:00,31.24
7/29/2019 16:00,30.74
7/30/2019 16:00,30.71
7/31/2019 16:00,30.51
8/1/2019 16:00,29.84
8/2/2019 16:00,29.45
8/5/2019 16:00,28.53
8/6/2019 16:00,28.36
8/7/2019 16:00,28.63
8/8/2019 16:00,29.08
8/9/2019 16:00,28.78
8/12/2019 16:00,27.64
8/13/2019 16:00,27.51
8/14/2019 16:00,26.1
8/15/2019 16:00,25.41
8/16/2019 16:00,25.79
8/19/2019 16:00,26.1
8/20/2019 16:00,25.83
8/21/2019 16:00,26.42
8/22/2019 16:00,26.53
8/23/2019 16:00,25.42
8/26/2019 16:00,25.19
8/27/2019 16:00,24.45
8/28/2019 16:00,25.33
8/29/2019 16:00,26.32
8/30/2019 16:00,26.31
9/3/2019 16:00,26.51
9/4/2019 16:00,27
9/5/2019 16:00,27.69
9/6/2019 16:00,27.79
9/9/2019 16:00,28.44
9/10/2019 16:00,29.12
9/11/2019 16:00,29.76
9/12/2019 16:00,29.94
9/13/2019 16:00,29.95
9/16/2019 16:00,27.77
9/17/2019 16:00,28.64
9/18/2019 16:00,28.6
9/19/2019 16:00,28.3
9/20/2019 16:00,27.99
9/23/2019 16:00,27.5
9/24/2019 16:00,27
9/25/2019 16:00,27.44
9/26/2019 16:00,27.19
9/27/2019 16:00,27.01
9/30/2019 16:00,26.97
10/1/2019 16:00,26.8
10/2/2019 16:00,25.37
10/3/2019 16:00,25.27
10/4/2019 16:00,25.83
10/7/2019 16:00,25.83
10/8/2019 16:00,26.26
10/9/2019 16:00,27.07
10/10/2019 16:00,27.18
10/11/2019 16:00,27.36
10/14/2019 16:00,27.62
10/15/2019 16:00,28.27
10/16/2019 16:00,28.05
10/17/2019 16:00,27.93
10/18/2019 16:00,28.22
10/21/2019 16:00,28.62
10/22/2019 16:00,28.26
10/23/2019 16:00,28.29
10/24/2019 16:00,29.41
10/25/2019 16:00,30.86
10/28/2019 16:00,31.36
10/29/2019 16:00,30.92
10/30/2019 16:00,30.29
10/31/2019 16:00,30.06
11/1/2019 16:00,30.56
11/4/2019 16:00,30.95
11/5/2019 16:00,31.18
11/6/2019 16:00,30.96
11/7/2019 16:00,30.89
11/8/2019 16:00,30.76
11/11/2019 16:00,30.59
11/12/2019 16:00,29.52
11/13/2019 16:00,28.66
11/14/2019 16:00,28.77
11/15/2019 16:00,28.86
11/18/2019 16:00,28.6
11/19/2019 16:00,29.29
11/20/2019 16:00,28.23
11/21/2019 16:00,27.93
11/22/2019 16:00,28.68
11/25/2019 16:00,28.99
11/26/2019 16:00,29.05
11/27/2019 16:00,28.95
11/29/2019 13:00,28.74
12/2/2019 16:00,28.08
12/3/2019 16:00,27.29
12/4/2019 16:00,27.38
12/5/2019 16:00,27.24
12/6/2019 16:00,27.73
12/9/2019 16:00,27.49
12/10/2019 16:00,27
12/11/2019 16:00,26.86
12/12/2019 16:00,27.72
12/13/2019 16:00,27.48
12/16/2019 16:00,27.92
12/17/2019 16:00,28.28
12/18/2019 16:00,28
12/19/2019 16:00,28.55
12/20/2019 16:00,29.04
12/23/2019 16:00,29.3
12/24/2019 13:00,29.18
12/26/2019 16:00,29.67
12/27/2019 16:00,28.44
12/30/2019 16:00,28.3
